,group,intersection_density_km,street_density_km,buildings_density,natural_terrain_density,pubs_dist_to_nearest,education_buildings_dist_to_nearest,entertainment_buildings_dist_to_nearest,shops_dist_to_nearest,office_dist_to_nearest,pubs_share,education_buildings_share,entertainment_buildings_share,shops_share,office_share,average_dist_to_any_public_transport_stop,mode_dist_to_any_public_transport_stop,cycleways_to_highways,all_railways_to_highway,avg_dist_from_building_to_center,average_dist_to_park,average_dist_to_greenland,average_street_length,circuity_avg,one_way_percentage,share_of_separated_streets,streets_in_radius_of_100_m,avg_dist_between_crossroads,circuity,avg_distance_to_5_buildings,distance_between_buildings,buildings_density_in_2km_radius,avg_building_area,network_orientation,circuity_between_crossroads,streets_per_node_avg,buildings_uniformity,share_of_buildings_near_center,traffic_lights_share,trunk_percentage,primary_percentage,secondary_percentage,tertiary_percentage
"Bochum, Germany",0,30.580987319496693,6623.068413320761,0.112674353669042,0.25222379190399113,165.76146541122205,334.2044259320717,705.741530711631,75.77542567683216,157.7288260142897,0.007024208867154346,0.002214767813118862,0.0005658165945924098,0.019318595158226568,0.005545002627005618,173.65378988728733,120.0,0.1831667825535072,0.5408833119720892,4673.881884927489,463.5544104931109,142.40914254028962,128.13414524227957,1.0712734861635191,0.4016141866545413,0.11185631465272253,14.96328293736501,163.2855357249456,1.2909268149257382,19.795254031664808,11.017378097646796,0.27833898606090585,134.50136511777143,0.23464677032727746,1.082619872913676,2.7764255910987483,0.52012946832424,0.11115060834720224,0.0038860276236955156,0.01102648630214846,0.11958622257587816,0.16221439126975104,0.1575537114925543
"Duisburg, Germany",0,25.793759999031376,5681.749688646805,0.09342093205854944,0.13189434376985099,266.19999699122644,434.7616905210002,1086.9178510787435,131.56829198923435,555.6759414637792,0.004761422348292979,0.0016832524177271414,0.00038964176336276425,0.009530637531853214,0.0011845109606228035,202.49616390131072,140.0,0.2032433639258636,0.9530072570292312,6319.213804404529,598.3184318601135,291.0536925576721,130.47927170481444,1.0490853496044146,0.3686614892645043,0.11888990406578348,12.99954317039744,155.6106663444895,1.371890428966808,21.91028775368532,11.988406074145114,0.2786767810808469,171.4911965260651,0.16983476159927216,1.0626335912933027,2.8272702027214662,0.4633114930356528,0.11941763454932112,0.0031278599851244327,0.010392873458200093,0.03894472361809045,0.22293284604842395,0.14310187300137048
"Oberhausen, Germany",0,30.360467455345244,6918.229957238636,0.10889133142311484,0.14167200902826774,223.01626329438358,369.64387867776884,1048.7673720483756,119.02878076699312,492.1700391523099,0.005370367203133285,0.0021891942738887274,0.00027364928423609093,0.010826249807590348,0.0009919786553558296,163.18777170525792,150.0,0.18556888630830196,0.6500693915562744,4512.462829435758,498.4735700814493,237.043336583802,136.82204301075228,1.054662773256855,0.2997852925389157,0.12399355877616748,11.209071390230813,160.2379168936562,1.35215579917983,21.526025909776603,11.747387374228026,0.2771737349848034,144.13871315332406,0.12509914775132247,1.0668301770811508,2.8109942314217853,0.534906295778237,0.2057033440470492,0.002540501790516689,0.0,0.054482018250134184,0.202361782071927,0.12318840579710146
"Gelsenkirchen, Germany",0,26.026328575590803,5972.722600817329,0.10370344478354357,0.18116773415388504,273.6202569386,337.93371470499335,1179.594424600944,120.44980227413437,466.60737114206086,0.0037458511142721674,0.0021337126600284497,0.0002963489805595069,0.009246088193456615,0.000817923186344239,169.73379116252738,140.0,0.2633780008693357,0.5065317444774141,5202.66130486169,534.8362885305212,287.0562483563104,134.08791419341784,1.0508808482452932,0.3944547996272134,0.12861136999068035,12.306849953401676,162.59952952589867,1.24253507719901,19.277482463675852,10.76146762113943,0.2721092344341183,130.44622884008677,0.3381886560281202,1.0628411437325842,2.8527309122104665,0.4927474291683946,0.17189702763857792,0.002530891168899591,0.0,0.1353681267474371,0.18988816402609507,0.12488350419384905
"Hagen, Germany",0,14.082637641891878,3635.5249043196022,0.05834163681097429,0.21075772764396525,231.79853970160102,559.7607088610907,1045.0704161430085,82.3633014537495,434.6704588322731,0.007474897731498699,0.0019709929341762736,0.00039047973224246935,0.019988843436221645,0.0022685013015991073,160.02330364434607,100.0,0.11944497350214993,0.7029196915457844,3972.1322777616224,770.1551285076354,218.40504653726197,150.78782966147205,1.070629307825676,0.2487517022242397,0.14207898320472084,12.357921016795279,177.84844522337937,1.3910147902527543,25.39894680108738,13.979002115835517,0.26451904078316,176.01086869681518,0.16423521015683454,1.0804825865283314,2.6400991852639035,0.4187471525571817,0.26241754157762703,0.003517486997708299,0.0024965955515206537,0.14389468906037226,0.13254652746255108,0.12369496141625055
"Hamm, Germany",0,9.428160202280203,2706.933683334458,0.046552225762502585,0.17491002641186992,346.2927056794004,696.1030187740075,727.4011451763098,125.43024619564464,373.7712777899137,0.004129236911549558,0.0011622024419924253,0.00045120800689117685,0.013426856447488958,0.00198258063634002,173.85908721829242,120.0,0.42577857513037903,0.7231104561563548,4073.408848132069,1042.4546977182586,268.263545534454,165.84704404291344,1.0610108250176926,0.112186646810623,0.2253660958054108,9.111442045172499,189.8759481093449,1.288511672431588,23.889145001914862,12.504204793504455,0.21764573699742346,144.86864578166276,0.2795452339985585,1.0683346259101727,2.532904148783977,0.3836622773073258,0.2712374079085852,0.0010646892842069524,0.0,0.05137751303052867,0.2593695706130553,0.16654256639364606
"Herne, Germany",0,36.50234598956815,7721.547321770581,0.12138533227471045,0.21733421054407584,260.90274585068056,378.90053374453277,1224.7553506870868,133.0777045401415,344.3911015330884,0.004688853779114215,0.00231894398858366,0.0004332093165485959,0.011976963457520005,0.002217012384689873,160.0711838170094,140.0,0.17435884309459587,0.7591517708888514,2993.1134395833533,500.3722323850978,192.86996004105413,124.23728857406833,1.0593362861112292,0.3631010794896958,0.11252862283284264,13.744193653909061,152.8514557750261,1.2599775165952838,23.012629282991423,12.883168221028422,0.2434666888718444,161.62391446392633,0.2582525833000581,1.0739076180209863,2.7877620881471974,0.5744521453540531,0.1500012731393069,0.0041106454052791215,0.0,0.03271180896303565,0.2008505070330389,0.11350997710173373
"Witten, Germany",0,16.56531924195778,4377.4004332961185,0.06952181263226599,0.2203255949409408,221.8352781556192,511.84509736424894,465.69368475514364,79.64415781182554,148.09059007500656,0.006066052572455628,0.001697496193115155,0.002096907062083427,0.02543747971741681,0.010085124441448864,207.26197661422108,130.0,0.14356958125567398,0.4090486272622725,3112.3334311147096,1425.110403996255,228.9059796744829,155.16850653447491,1.0684491802271532,0.2294882209585703,0.17506092607636067,10.929325751421606,188.68756514366154,1.4166888416638792,22.107501388212704,11.789649046460614,0.2633219301075533,126.48640240311916,0.2564747674944665,1.0786534938645609,2.580738177623991,0.4661670208334181,0.16496594396347394,0.0026666599226038198,0.0,0.054833468724614136,0.20064987814784727,0.0950446791226645
"Bergkamen, Germany",0,16.668050786163562,3953.6050304140913,0.05786215135549992,0.210612677786554,398.88789800976036,696.2193559197677,2900.776116756385,168.48290861932284,1102.3303607283942,0.002158894645941278,0.0009499136442141623,0.0002158894645941278,0.007037996545768565,0.00017271157167530224,184.44878221218426,140.0,0.3807564623108924,0.34351884847779346,2152.0744558580027,743.5865097943024,291.36790847948487,137.22630715532293,1.0489647807079596,0.06899902818270165,0.21671525753158405,8.521865889212828,164.01688558806524,1.2905966043029957,20.05475583966604,10.78862280599494,0.1542649820356642,112.26655553926099,0.4098206353757177,1.0612237566416938,2.4801288936627284,0.4091106391572136,0.2849125836391107,0.0007177760179816963,0.0,0.05053449951409135,0.2332361516034985,0.08357628765792031
"Hattingen, Germany",0,13.824853100505385,3804.962642504645,0.04237140022855145,0.22922643923434785,319.2576993847365,652.3000857467667,891.7200192158185,98.38646771356292,190.89479925934742,0.009533898305084745,0.0023678963110667995,0.0009346959122632103,0.02417746759720837,0.005919740777666999,277.229064239501,130.0,0.1659137727554491,0.20619638784034164,2553.02536305691,996.9042485061076,178.23043432062167,160.81050906648753,1.1019901378889738,0.20796719390743995,0.1827768014059754,12.249560632688928,200.31613533622803,1.6478454462674796,32.84065420073002,17.15198141705617,0.2344375882783507,188.99112172188396,0.1734376566959007,1.1115822905660817,2.528174936921783,0.4368538558845146,0.28470060998381674,0.001346276797663523,0.0,0.11657879320445225,0.1259519625073228,0.13649677797305212
"Herten, Germany",0,21.134108391158886,4724.383803579848,0.08615951199498606,0.22990551156425826,377.7796976578666,598.19149927066,781.4990739703336,152.0958403394539,749.3663372123617,0.0029847229313121,0.0011781801044653025,0.0005105447119349645,0.006911989946196442,0.0006283627223814947,170.08067172989382,110.0,0.4154691800059876,0.2913193053874423,2345.6568243284405,782.3245064991588,279.57187188469044,132.80603985239884,1.0590683068221598,0.14431082331174838,0.19518963922294166,9.818686401480113,150.56658076185875,1.2640466487851747,19.98248993411468,11.126526193570816,0.16260796317758816,126.34424723250041,0.41314111975513146,1.0681144050302385,2.6902654867256643,0.4703027952540372,0.13241704300019635,0.001379165241604932,0.012025901942645698,0.03145235892691952,0.2765957446808511,0.07770582793709528
"Recklinghausen, Germany",0,26.539764998174995,6991.5885335468965,0.08703078934970115,0.16907008242713847,242.7372343538189,593.9351230993202,504.69519040637635,91.48004709656094,167.04170342484898,0.005212336664104535,0.0015853189853958494,0.0005524596464258263,0.015709069946195236,0.00302651806302844,195.9899839329669,110.0,0.2822082470935895,0.2514253475504877,3079.882135826023,693.8194261835896,233.0135814839244,158.2229570994684,1.0565269061971991,0.2496842105263158,0.13642105263157894,11.197052631578947,184.06959410625774,1.3687811940318506,21.54894441599236,11.714161520425105,0.2513473670034493,140.13133508028815,0.4497134239389127,1.068481534676115,2.7838405036726126,0.4844326477254519,0.21705724164425666,0.001947796279217941,0.01305263157894737,0.028210526315789474,0.27621052631578946,0.09852631578947367
"Moers, Germany",0,20.90265924887745,4952.577861754684,0.07561692195463755,0.17123035813290918,356.02405205264694,627.5033042410197,1057.1203222121167,173.678233141356,480.41618183859856,0.0027669172932330826,0.0009022556390977444,0.00042105263157894734,0.0050325814536340855,0.001263157894736842,226.75115857736165,160.0,0.20613483807705488,0.2979129932662341,2936.299732856347,833.1348624094087,87.81250826741484,141.2924451746803,1.0640039602401563,0.1546477699041267,0.1834097540641934,10.376406836181742,164.25894488601682,1.337204992147712,17.961470519118983,9.521229256707423,0.21710055802483832,103.33384405492852,0.2372948493998627,1.0754139710264126,2.6570004531037608,0.4351443948556798,0.18458978933231773,0.001068907358340573,0.010837849103793248,0.035014589412255104,0.2267611504793664,0.06044185077115465
"Dorsten, Germany",0,8.576056812580914,2612.664834148253,0.029896270899507117,0.1698782290721659,406.41260968837435,670.1372971937609,779.6813798776317,160.1180349814351,567.3541274963385,0.0028408450386670572,0.0012851441841589069,0.0004058350055238653,0.00919892679187428,0.0012851441841589069,230.288475126115,110.0,0.3467620345117601,0.23751071729733125,4894.968830280683,1050.390611169777,172.20696205431324,176.68420386643248,1.0693490444193685,0.15218331171638566,0.21054907047124946,9.358841331603976,201.03791753568282,1.3202365146066488,21.213044410398084,10.844397604740946,0.15636637582804744,116.01107401674363,0.2669997873155777,1.0753917309695442,2.6194285714285708,0.30258999717779395,0.35586306371278537,0.00070927441322226,0.0,0.11543450064850845,0.06614785992217899,0.09727626459143968
"Dinslaken, Germany",0,24.40023276874683,5280.048507516718,0.06917932242444219,0.16354113820607116,393.08256589483597,516.9105352880273,628.2290322255923,154.51995009540667,498.7872209504168,0.002121953375968878,0.0009430903893195014,0.0005010167693259849,0.006424803277239103,0.00041260204532728173,198.87171281182097,110.0,0.27903471871461616,0.2343806198252869,2164.148371344235,951.1919127320564,388.68516172855783,127.85742303240751,1.0675632442167355,0.16951566951566951,0.1972934472934473,9.903846153846152,151.40302431982133,1.3942286004975537,17.226237574283545,9.00885060148294,0.21907532704604896,99.11535438315859,0.2656484894984465,1.07773770303665,2.6694785276073616,0.41010296277973823,0.15253887841658811,0.0014097559862568153,0.0,0.07122507122507123,0.1866096866096866,0.05555555555555555
"Castrop-Rauxel, Germany",0,19.68989142359472,4539.1098591210475,0.0659914890670394,0.2796123417738073,337.7144027130044,660.4882341595727,1014.9520572186354,110.99944361382678,340.81076362800343,0.003473669584549118,0.0009031540919827707,0.00045157704599138533,0.010282061970265391,0.0014589412255106293,183.75146164849517,110.0,0.2922439676119946,0.2616903273819155,3033.609903354621,758.1121717088762,304.98821952427187,136.70962674418578,1.0556017389523575,0.2311526479750779,0.16822429906542055,10.205607476635514,160.55969972909202,1.3076286848873937,21.256353169751588,11.03394024491785,0.094537669833448,118.55797593796294,0.2749691362920301,1.0633439129618063,2.65267175572519,0.4487588639287777,0.12039866648145575,0.0015030571677329722,0.0,0.0940809968847352,0.21869158878504674,0.08348909657320873
"Gladbeck, Germany",0,23.194476863213964,5932.356438346306,0.0887421302944484,0.24995507568959616,312.99171183406213,622.1633431674344,2062.2478949972033,123.1951446510747,1153.5435735314745,0.002635306519089501,0.000988239944658563,0.00019764798893171266,0.00810356754620022,0.0003294133148861877,159.71327101599815,100.0,0.1813716288670341,0.4690140109358356,2021.0127924746037,656.2615281920953,221.7987107578077,152.9300931528661,1.0469977770899557,0.25223759153783565,0.15459723352318958,10.170056956875511,178.9048970771632,1.3860213007901128,18.21406538534378,9.729565501903064,0.17507010164120013,105.63807291927151,0.3620775669664573,1.0570358918716922,2.7624190064794822,0.4748459558541822,0.1490335539530442,0.002027200116693225,0.004882017900732303,0.0854353132628153,0.1562245728234337,0.12611879576891782
"Marl, Germany",0,18.60219452751148,4887.423628860267,0.05528698789654173,0.14064122971349505,544.4426056215149,727.3680724150764,2038.6826974357614,162.08500876707996,445.1960321586509,0.0027714479275728274,0.0011085791710291311,0.00018476319517152185,0.008006405124099279,0.0011393730368910516,216.2820112044891,110.0,0.2153369369019994,0.4214217545075714,3608.150660122381,908.1291960485852,305.9295967192401,157.61704852227595,1.0844917492228636,0.1911532385466035,0.20115850447604006,9.902053712480251,178.87867296438807,1.35701477565704,23.79073179812077,12.588452321306805,0.13788265286477658,150.13240431594542,0.1647013677854452,1.0915266308278984,2.7506024096385544,0.4103549610439806,0.17514698186967095,0.0012541176880822495,0.01369141653501843,0.0984728804634018,0.17851500789889416,0.0984728804634018
"Mulheim an der Ruhr, Germany",0,26.503117426267462,5677.343010235237,0.0875023163630326,0.13638898280284353,278.83706106437137,559.6681596559902,636.551122444778,117.66008877322002,380.4352813327233,0.005244367347762067,0.0015329689170381427,0.00094802025132622,0.012989894507533736,0.0017346753534905298,186.132864727276,100.0,0.2817946870402057,0.5999843739130374,3026.988336836265,343.4495765308528,175.89157925417314,128.34948635097493,1.0661638705187313,0.3763191763191763,0.11531531531531533,12.755984555984554,161.14886571950174,1.3380627743297344,23.406991434273905,12.604401910345135,0.2318726466834657,162.8174454388109,0.07600607511643667,1.0812901194284341,2.7591883614088815,0.4892186344790956,0.15885044035550894,0.004418081468406564,0.0,0.09523809523809523,0.20617760617760614,0.16988416988416988
"Regensburg, Germany",1,23.999643335365587,6121.9586386840665,0.10458323837398813,0.12896987593153295,153.2029618596274,274.8852715512282,507.813511129484,86.76738844298708,198.2242995168017,0.01943160729231105,0.005858593209854082,0.0017102725519449805,0.03708016447727521,0.010370801644772751,172.23992491651669,130.0,0.3694724666472648,0.4094058382215493,2858.9285712351893,460.68106799291655,250.89076210955932,148.25195328608254,1.0626182452881792,0.3747214262973576,0.12925819802610633,12.212671123845912,177.46201961348598,1.405539844372243,31.347820292999568,18.97527594573353,0.2513680250872333,316.13605345530226,0.40113943328730295,1.072881290646707,2.7322524101665207,0.5292898477329336,0.20639007760934214,0.003071571768947457,0.029926774912448263,0.032155364533588034,0.1448583253740847,0.2451448583253741
"Augsburg, Germany",1,28.66957502687439,5788.886225155667,0.08278335822580585,0.09269055888174164,170.5473747214273,364.8733876413928,561.6218395409352,77.04368172194603,250.39754484482415,0.014259322368303053,0.003192653310135777,0.0012196653094900722,0.030688931537316375,0.004824852474306316,192.25627667681985,160.0,0.44471881022901605,0.5870233604833589,3482.299481661986,744.8540967774846,261.6490278266612,121.088918682156,1.0564237302127986,0.3003341687552214,0.1217627401837928,12.781537176274018,144.92846270174817,1.329766943069425,26.552516661314662,15.618519497524387,0.32268604396833106,222.1864249531596,0.4125705381257785,1.070662742832345,2.7936932121859974,0.4707655730783887,0.22068990221012288,0.0020148240378494954,0.03446115288220551,0.049707602339181284,0.1299081035923141,0.21324143692564745
"Bamberg, Germany",1,16.963457683293257,4447.603674753073,0.08308898221858031,0.17900537412600606,146.56903492050952,360.37634495113815,479.6182139329245,80.88370224339073,156.17865440604942,0.013115468409586056,0.0031808278867102397,0.001568627450980392,0.025751633986928105,0.008278867102396514,137.3307179342093,100.0,0.373344453193945,0.38242123889691904,1866.9261542128309,584.2437963546977,225.40176868434588,156.42124239713772,1.0462651251455477,0.22676781360065024,0.06989975616364129,15.111351937144404,186.97732175145663,1.4702317343119906,24.04100234631211,14.108557135356307,0.2670580029071601,200.86423655450974,0.28177887499970233,1.0550653946188504,2.6436915887850465,0.44881102561891295,0.3313473079933896,0.0047829480088035035,0.0035220807369276616,0.06366838255215389,0.051476564616635065,0.21755621782714712
"Wurzburg, Germany",1,19.637826546569983,4714.587448551606,0.07664750382251342,0.21071878169218716,161.9326032751779,203.62636252258625,358.69205338751647,74.38697710216655,213.02984673886368,0.016766342863069106,0.007847339855498323,0.003145849898019152,0.038303315241815614,0.006741106924326753,173.63940791201063,110.0,0.21375791036986933,0.5627815104418945,3173.3288354975734,550.9213363955072,306.57668095750563,144.36871892497214,1.0762946323834244,0.25366807955656995,0.1212911640039126,12.687316596022171,175.72372638086696,1.4526799875598575,29.129354722998084,17.16603754224428,0.2541379816453442,238.89651388930957,0.15655433807281813,1.0869135609063203,2.7200606366851945,0.4826550774812358,0.21166448230668414,0.001268897333723684,0.046625366807955655,0.06618845777632866,0.11085751548744703,0.23899576133029016
"Erlangen, Germany",1,25.679175452464534,5668.685131281177,0.07388940878973027,0.15037467161762608,160.54184990717422,281.79268957242533,366.6489687424256,72.78179617172692,231.11869062706648,0.01475437701852796,0.0046234914159442465,0.0037395886452490225,0.031344552099269084,0.0065272819989801115,170.35606539922233,130.0,0.2672182867173849,0.17369419696133795,3110.7772404017574,809.5487342621143,198.53890135289342,130.27108706315144,1.0671853591008684,0.2603391847664386,0.11484677179410888,12.465337697113956,158.50883895673186,1.5626684323346007,25.94347659907763,15.179787686440491,0.2286329180098671,201.5647481641721,0.4522952484469922,1.0829024318935758,2.727689741451209,0.4632471156261722,0.19605517334869693,0.002191221218719486,0.009520975900029751,0.017851829812555786,0.1758405236536745,0.16750966974114848
"Ingolstadt, Germany",1,18.89252693427132,3777.965508348616,0.06664402083724766,0.06091455856310071,229.590245656502,619.4641345041947,696.6001608618564,111.01500274110913,398.6683833296714,0.0111558538404176,0.0021774794929157347,0.0007755406413124535,0.021357196122296796,0.0029231916480238628,174.31851264838738,120.0,0.5121027476225359,0.3757387451566521,3598.137694197843,1039.9828466877307,283.06938174336693,121.47796766860323,1.0703875470306945,0.22115384615384612,0.17672413793103448,11.060013262599465,143.76256232913966,1.3372880400151244,31.09892387169013,19.18346605923196,0.16368708920654818,270.4070876752978,0.30734588172483546,1.0815097269388934,2.8098267939201134,0.4517915015678922,0.2382270643567304,0.0026947931492411073,0.01094164456233422,0.04078249336870027,0.14290450928381962,0.20291777188328916
"Furth, Germany",1,25.20161041306861,5819.1037770285375,0.09325721966798477,0.08599149726782497,156.50736746510717,499.93845640128654,509.0288544387124,98.21290836916765,359.58759644688325,0.008549968037502664,0.0016513956957170256,0.001305135307905391,0.01856488386959301,0.0022906456424461965,169.84374036977306,110.0,0.17417093257421765,0.40636571726991794,2745.4631625209595,1247.9601539175153,307.3228693270333,136.15417733598414,1.0651536643587844,0.3147230977037371,0.16614137775776674,11.29671319225574,158.4976767348771,1.4008125218270924,21.173052510041337,12.22041865723432,0.2148097830202877,159.22327092283982,0.21159150032481813,1.073394864482235,2.7051282051282053,0.4677027999114502,0.17936229106781645,0.0017368563328672142,0.02161188653759568,0.095002251238181,0.15308419630796938,0.15128320576316975
"Bayreuth, Germany",1,22.88168146200817,4849.52135531554,0.06419769705450364,0.1976483253210587,224.6773309270515,380.0478883620556,682.7192315962284,119.11229524000824,251.83569439255191,0.013091482649842272,0.003838065194532071,0.0019453207150368036,0.02034700315457413,0.0057833859095688745,162.32863074137143,110.0,0.34008945731363016,0.18857905090220212,2196.9302322986573,637.042747592143,236.77302129392467,125.8617612679544,1.065962666475576,0.16753022452504318,0.14248704663212436,10.696459412780657,148.57815318776917,1.3577193407985275,30.857286664362523,17.682305173303448,0.25603145681685396,232.55611230065574,0.13601705130503974,1.0764027149335602,2.7024683122081385,0.4736146210505076,0.3095562781915452,0.001022500358810625,0.0,0.11744386873920552,0.096286701208981,0.15932642487046633
"Passau, Germany",1,15.201923111144968,4406.0018360464055,0.051244374495242384,0.08474692020798694,174.0361151518835,462.59754185875283,671.3944056024626,67.91766376230554,391.3059665777498,0.019312293923692887,0.002669178834981944,0.0010205683780813313,0.047417176950855705,0.003689747213063275,196.85823081443212,80.0,0.1446127016460235,0.3040530730969089,3238.429316254905,1654.0667849974054,276.49733945206987,168.43537640449406,1.098275529036049,0.12867647058823528,0.21446078431372548,9.25,194.11533518333766,1.522822900987474,39.39945022261771,23.456311578919372,0.14883105051103826,284.5814525905685,0.16305689892385294,1.1074074580723468,2.5093312597200623,0.4838510623754045,0.2280701754385965,0.0005794496586189687,0.0,0.13480392156862744,0.04595588235294118,0.13112745098039216
"Landshut, Germany",1,14.705189439165292,3276.2144995282515,0.058975172640860225,0.16834763023251162,183.910393049194,280.72582351416696,395.4791690223272,71.29914365870124,201.629332740762,0.0149753829321663,0.003760940919037199,0.0016411378555798686,0.044652625820568934,0.007658643326039388,163.88564504371112,110.0,0.28909153889697986,0.27607962558461074,2374.650172402772,845.4161466340212,235.69651813535,131.2177760951865,1.077336738452604,0.09570765661252902,0.22099767981438515,10.207656612529002,149.42394100823032,1.351269868850857,35.64676823606051,21.80772599745702,0.19703923627423175,271.4388250444726,0.3035577613783538,1.0919922142923195,2.5650378527185134,0.4836129536748937,0.2972364380757421,0.0017197506135822494,0.014501160092807426,0.0951276102088167,0.13051044083526686,0.09164733178654293
"Kempten, Germany",1,23.999672586923484,5046.576736789137,0.05364191076825638,0.1565859998543537,162.69598707587684,385.48701631517264,550.3558431734722,73.80421745314877,149.5576511856551,0.0163888302736161,0.004220299641274529,0.0007737216009003307,0.04389111626925512,0.010902440739959204,182.50436969423825,100.0,0.40924170720477465,0.2520482270148287,1997.578469610094,592.5707585508404,263.9866939848793,126.85831101021559,1.0906621675361687,0.27287319422150885,0.14820759764579988,12.36490101658641,155.63236963634031,1.3269528533704311,34.585477752326376,18.759898801569143,0.20433451211690695,241.00515317506643,0.30484300630166145,1.1024422723812295,2.77109375,0.4654041667373266,0.3257251211461479,0.0014765246867089,0.006955591225254147,0.12466559657570893,0.07597645799892991,0.11824505082932048
"Straubing, Germany",1,24.700503947231578,4724.170037986887,0.054883662719102055,0.032674163263046695,183.86315234942435,235.60739695503742,520.5530768554121,103.27982604523376,424.1418593732561,0.0145985401459854,0.003859384176524876,0.0017618927762396177,0.031797969628324534,0.003439885896467825,182.34749017024296,110.0,0.35318929565946866,0.2337404328356121,2162.0620669373498,590.21147451399,351.34612585843286,114.53350482160074,1.0653741774602428,0.08132956152758132,0.19872701555869876,10.05091937765205,137.890603282263,1.3369894454895652,34.73680109639533,22.004266069546496,0.21875466729899695,315.5223027527244,0.31084265810898865,1.0784059728432969,2.6769626769626766,0.4229748838757947,0.3640325148747172,0.0005044620140410464,0.030410183875530412,0.008486562942008486,0.12942008486562942,0.1166902404526167
"Memmingen, Germany",1,17.075962709601313,3669.346189654257,0.04846245920701337,0.2768625940815025,369.60812053322405,661.7797903684599,639.3457266145164,147.85578211973757,402.84265944696136,0.009072483351027892,0.002123347167261848,0.0018337998262715953,0.02576971334813242,0.0024128945082520998,280.0889561440073,170.0,0.34833665616963544,0.2176703140191551,2198.8206147218752,902.9651593365712,344.6666922695497,127.1161849782744,1.0632814008452214,0.14122137404580154,0.18244274809160305,10.566412213740458,146.57691961610354,1.4189495019397462,38.36849611201577,23.359028310102293,0.2464721225040321,330.2474214921368,0.3788398785097413,1.0741351696093564,2.598078462770216,0.4248767798073487,0.4636731547504336,0.0008849353433388578,0.0,0.0,0.15190839694656488,0.15038167938931302
"Ansbach, Germany",1,13.803817242739456,3283.3085404977724,0.031255119428949,0.13644179090619812,348.27601890794153,575.9233672391279,775.9163386776944,111.09575860219236,425.6468492577608,0.007879707944769753,0.002457890551579556,0.000722908985758693,0.01922937902118123,0.002674763247307164,222.85702948526009,90.0,0.1534226999159265,0.3126899595209797,2752.8482968341805,1938.9971088340849,422.9009089076117,141.1374256518676,1.0907416722302925,0.17659425367904694,0.20953048353188508,10.070077084793272,162.3277679938846,1.4271954971627958,32.263883680529815,19.15206864551584,0.2040626071217697,229.49852356555854,0.265847839986962,1.1060424980942791,2.6545623836126633,0.3461693295347876,0.4309125036095871,0.0011316148782417575,0.0,0.1289418360196216,0.1079187105816398,0.06867554309740714
"Kaufbeuren, Germany",1,35.76872706676244,6393.459895598611,0.06723285064493713,0.16830319580448522,171.8296952232177,264.0283852573959,562.1909432836293,99.5251566184382,438.692022516119,0.00884277955716474,0.00271549923408996,0.001392563709789723,0.02165436568723019,0.00215847375017407,194.4165730660111,110.0,0.480091420759686,0.16696396714818226,1984.8256932793354,861.6048331974589,184.50394649777883,109.89270921450156,1.0916040572081942,0.14784205693296604,0.19742883379247012,11.254361799816346,132.17465834078155,1.4501421305804156,27.083886330036343,15.485633721828115,0.2065747041412016,191.2182679388389,0.3408522137297626,1.1033155392261051,2.75,0.4640251575637407,0.25173900946021144,0.0018360780189676715,0.020202020202020204,0.04315886134067952,0.0881542699724518,0.1487603305785124
"Aschaffenburg, Germany",1,25.837762459347424,4887.130927745086,0.06472538334447557,0.18989461404210545,168.36071696923494,412.3230368531585,575.4322861541845,71.46737639840413,234.52371751738156,0.01778557114228457,0.0043837675350701395,0.0018787575150300603,0.04872244488977956,0.010082665330661322,148.88292034023408,100.0,0.23120311785472056,0.3942395660035316,2184.79355504054,494.3985118520769,297.12658595234484,112.85792831903082,1.062546163566397,0.1927252985884908,0.13192182410423453,11.492399565689466,140.0826080382437,1.384211574866827,30.5544721434305,17.98281274394959,0.21756100580555415,259.4981564321626,0.1436643559903962,1.0745481715537677,2.7578070784177653,0.4463240347866557,0.2824632697718037,0.0019724850853016867,0.04288816503800217,0.06351791530944625,0.16395222584147665,0.15743756786102062
"Dachau, Germany",1,26.309072690285912,5499.641197192816,0.06228315928397976,0.09224880705322136,251.21504988162152,419.1582614105506,1332.0327075653627,145.16019476787858,632.6232792808071,0.0097990200979902,0.0021997800219978004,0.0006999300069993001,0.016798320167983202,0.0019998000199979997,186.5041390117016,130.0,0.3285951554447095,0.3159711465544011,1573.7059766406726,708.2432249446277,270.4289904952851,126.78444575936895,1.0571345658060367,0.07087486157253599,0.19269102990033224,9.644518272425248,143.71448256685042,1.344457356869455,29.101428879928843,17.79455127282289,0.17967836998361933,219.53316127808404,0.3928750358901627,1.0724110307401566,2.731283422459893,0.449661683125298,0.31198801198801196,0.0012907047108382213,0.03654485049833888,0.0011074197120708748,0.17497231450719822,0.10741971207087486
"Freising, Germany",1,9.399714892893039,2392.9268818592873,0.03263684919540665,0.18181832939402048,255.63428334842342,344.43719463974196,739.2347867785602,121.81035931635796,199.8557443737439,0.011882628728477892,0.0036375394066769057,0.0012125131355589685,0.02877697841726619,0.010185110338695336,154.83584121310142,120.0,0.38197788806386135,0.23945696160066496,1969.8084825075387,1039.542267749884,182.71496974940484,152.53071848739478,1.0788687199906062,0.16419019316493313,0.20208023774145614,9.326894502228829,180.07338216644033,1.4145164009773994,32.5196020133508,19.127508982893797,0.19503860129011874,237.7276678812158,0.1894641605722892,1.082593400376863,2.657488986784141,0.3498499805978401,0.5699532031628207,0.0008941084773710377,0.034918276374442794,0.062407132243684986,0.2674591381872214,0.07800891530460624
"Schweinfurt, Germany",1,33.71184298724341,6437.049785282175,0.08378901886322479,0.11152177666935367,201.8730323041871,259.6849251729448,548.2516662265809,87.23467003780847,372.55013240347694,0.01985382349732737,0.006545216537580453,0.0019635649612741355,0.04254390749427293,0.005017999345478346,141.07890449219602,100.0,0.5210284859673178,0.3204174267627819,1491.8881079712407,423.0901745114169,195.40243802861752,116.24608561236627,1.0696019872564635,0.30675593426658554,0.10529519172245892,13.699330493000607,143.15151214424534,1.4709916786101265,32.28448416555205,19.269147202370405,0.19022483040164906,339.4848984726858,0.15791847422899888,1.0873316784246487,2.8320802005012533,0.4739920467821557,0.3924766253533377,0.003911043533131783,0.024345709068776627,0.09007912355447352,0.13085818624467438,0.06390748630553865
"Rosenheim, Germany",1,29.049062594539308,5982.40516065139,0.08343231053900207,0.12966243034686029,174.26010390053466,469.8110582731083,811.7369096581729,83.27786634500414,247.23865250886098,0.016096734442390636,0.0033887861983980284,0.0010782501540357364,0.04020332717190389,0.00585335797905114,167.9445758519163,140.0,0.2769598815339417,0.3867989172500128,2038.6032992486087,751.204417306316,298.871359215081,123.76918710134669,1.0607613123238944,0.11575178997613365,0.1545346062052506,11.036396181384248,143.62805757038151,1.4599557161584975,31.44623758993671,18.584774588753568,0.2391146387953811,240.0891398305837,0.2102930421371008,1.070800674258438,2.744186046511628,0.5368735814778989,0.17321016166281755,0.002472911806306201,0.0071599045346062064,0.019689737470167064,0.2243436754176611,0.04355608591885442
"Neu-Ulm, Germany",1,16.39024232955216,3607.638135264435,0.04770538042071642,0.14196141546624594,333.3536249953733,616.2000871487622,514.0464751901128,113.27106920046732,382.6228509869001,0.012385357058869641,0.002821980089362703,0.004076193462412793,0.02908207258759897,0.005957513521987928,194.7049673614557,160.0,0.4398233021021339,0.1909608266135296,3831.587643363477,1600.5367851582585,256.8215373595129,132.9170824847253,1.0606968575122422,0.204582651391162,0.14511729405346427,11.97545008183306,163.57623216447269,1.355750609825665,35.43356508434829,21.4778220383279,0.2363672008437015,307.2112713455954,0.3938041879649353,1.0742945399370856,2.7154639175257733,0.4071418641801384,0.1609015495382689,0.0011109747554821788,0.033278777959629025,0.024004364429896344,0.1756683033278778,0.1854882705946536
"Hof, Germany",1,21.137230143107594,4739.280796868235,0.05640568577813575,0.1619300709738671,190.7708912995973,210.52990224982952,958.4547351069457,128.75656163037831,278.2761450994197,0.01571617521201276,0.0053683964833112895,0.000933634171010659,0.023029642884929587,0.009180736014938145,170.0717094251609,100.0,0.11959499407941715,0.3132151238317157,2032.3435933887106,711.0971649128661,281.77427046959264,131.06399720044791,1.0645001359020914,0.21269412559081705,0.15530047265361244,11.193112761647537,155.25589603604197,1.4175085210365734,32.5569063765395,19.06447146170605,0.2200600574874785,257.63393743688795,0.1536214081379888,1.074032562491681,2.825847123719464,0.4410620596591071,0.30473970473970474,0.001293670321031378,0.035111411208642807,0.13639432815665092,0.11816340310600945,0.14584740040513167
"Amberg, Germany",1,19.6516860503068,4115.5955582807865,0.05660672021963375,0.18904753887900527,227.92799294784558,241.72527114786212,698.3207893899623,106.57317759777948,359.41678752586324,0.010347615198059823,0.004203718674211803,0.0010509296685529508,0.02918350848827809,0.003395311236863379,205.75286296233173,100.0,0.1610711449560685,0.15307779738256375,1805.5061505139504,855.0888892517676,316.1216758720367,119.65422693726916,1.0563507617666597,0.07274011299435028,0.240819209039548,9.96186440677966,137.97693596979556,1.3863530966062707,32.048692791399226,19.217615402800547,0.20526103545973015,231.39365996287475,0.15541589096943262,1.0701663006392097,2.5122887864823347,0.4599708811833599,0.3304516441787186,0.0008343628876052343,0.0,0.11087570621468927,0.1137005649717514,0.11016949152542373
"Weiden in der Oberpfalz, Germany",1,15.50127024721749,3456.773015007263,0.043284797285806885,0.12190237567715695,225.78817711918026,702.1106852177196,435.0286196689996,74.83622144722959,321.8085979107382,0.016609163122843617,0.0028083126053117225,0.0010430875391157829,0.04509347669100538,0.007381850276819386,169.8465693556484,110.0,0.2758342149140501,0.2706518784549491,2275.547751503107,894.7759728255301,409.1728880471032,131.28693464788742,1.0674192876913382,0.08486562942008488,0.1958981612446959,9.685289957567186,145.79336449446797,1.3805878547800765,33.06949828692921,19.436714620505462,0.18440893756901414,247.44558088783268,0.2918661147132585,1.0778097464672178,2.718202589489718,0.40172560077015496,0.30418768516294337,0.0009248724508671004,0.0,0.09335219236209336,0.11951909476661952,0.07072135785007072
